{"TX":0,"PAA_TX":0,"RX":1,"PAA_RX":0,"Rorder":0,"MPC":[[7.7364101886381,6.81778569349443,2.6,9,17,1.6]]}
{"TX":0,"PAA_TX":0,"RX":1,"PAA_RX":0,"Rorder":1,"MPC":[[[9,17,1.6,8.0981098297891059,0,2.3137523285652608,7.7364101886381,6.81778569349443,2.6],[9,17,1.6,10,13.880056963330045,1.9064110558620415,7.7364101886381,6.81778569349443,2.6],[9,17,1.6,0,11.524517042444261,2.1377497264084662,7.7364101886381,6.81778569349443,2.6],[9,17,1.6,8.518632452814515,13.121061216569306,0,7.7364101886381,6.81778569349443,2.6],[9,17,1.6,8.8218064141391128,19,1.7410217020259364,7.7364101886381,6.81778569349443,2.6],[9,17,1.6,8.017207924496299,9.080499983829,3,7.7364101886381,6.81778569349443,2.6]]]}
{"TX":0,"PAA_TX":0,"RX":1,"PAA_RX":0,"Rorder":2,"MPC":[[[9,17,1.6,8.5541710338071386,0,1.952827287925301,8.055891601003351,19,2.3471636685476964,7.7364101886381,6.81778569349443,2.6],[9,17,1.6,8.0981098297891041,0,2.884754191417469,8.017207924496299,1.5249444282734466,3,7.7364101886381,6.81778569349443,2.6],[9,17,1.6,10,9.70196713736055,1.9064110558620415,8.6706051726585844,0,2.3137523285652608,7.7364101886381,6.81778569349443,2.6],[9,17,1.6,10,16.456554686624006,1.653372016834175,0,11.022101552864083,2.1870921851759246,7.7364101886381,6.81778569349443,2.6],[9,17,1.6,10,13.880056963330047,2.1515399005516742,8.4616523689407437,9.080499983829,3,7.7364101886381,6.81778569349443,2.6],[9,17,1.6,10,13.880056963330045,0.31307356537942654,9.7567276909097522,13.121061216569306,0,7.7364101886381,6.81778569349443,2.6],[9,17,1.6,0,12.69028891304216,2.0232587291159545,10,7.90172103864456,2.4935462059114597,7.7364101886381,6.81778569349443,2.6],[9,17,1.6,0,11.524517042444263,2.5679495075352383,4.0172079244963026,9.080499983829,3,7.7364101886381,6.81778569349443,2.6],[9,17,1.6,0,4.1919922596678969,2.1377497264084662,2.945651743963797,0,2.3137523285652608,7.7364101886381,6.81778569349443,2.6],[9,17,1.6,2.62422469004263,13.121061216569306,0,0,11.524517042444261,0.65854885091555726,7.7364101886381,6.81778569349443,2.6],[9,17,1.6,8.518632452814515,7.92655783104974,0,8.0981098297891059,0,1.3977597799740944,7.7364101886381,6.81778569349443,2.6],[9,17,1.6,8.5956512603641926,13.741691421918217,0,7.8374973735470519,7.6323628380148758,3,7.7364101886381,6.81778569349443,2.6],[9,17,1.6,8.909152380043146,19,1.6718964486259498,8.04609999045303,0,2.3549127105724716,7.7364101886381,6.81778569349443,2.6],[9,17,1.6,9.46023698991276,19,1.7410217020259364,10,16.654412739881881,1.9064110558620415,7.7364101886381,6.81778569349443,2.6],[9,17,1.6,6.6398029493940331,19,1.7410217020259364,0,13.373518136810397,2.1377497264084662,7.7364101886381,6.81778569349443,2.6],[9,17,1.6,8.8218064141391128,19,1.0077088514910673,8.518632452814515,15.597251692759784,0,7.7364101886381,6.81778569349443,2.6],[9,17,1.6,8.8218064141391128,19,1.8538390636466855,8.017207924496299,9.9693888727178877,3,7.7364101886381,6.81778569349443,2.6],[9,17,1.6,8.74728203772762,14.963557138698885,3,8.2057435471439479,10.599751007339353,0,7.7364101886381,6.81778569349443,2.6]]]}
{"TX":0,"PAA_TX":0,"RX":2,"PAA_RX":0,"Rorder":0,"MPC":[[7.7364101886381,6.81778569349443,2.6,1,1,1.6]]}
{"TX":0,"PAA_TX":0,"RX":2,"PAA_RX":0,"Rorder":1,"MPC":[[[1,1,1.6,1.861677520048139,0,1.7279134577495712,7.7364101886381,6.81778569349443,2.6],[1,1,1.6,10,5.6486131081081083,2.3990347793845839,7.7364101886381,6.81778569349443,2.6],[1,1,1.6,0,1.6659240543742546,1.7144634899698876,7.7364101886381,6.81778569349443,2.6],[1,1,1.6,3.566251500433562,3.2162993118074015,0,7.7364101886381,6.81778569349443,2.6],[1,1,1.6,5.0174449152112093,19,2.1963777149418831,7.7364101886381,6.81778569349443,2.6],[1,1,1.6,6.2394301467185231,5.5249444282734457,3,7.7364101886381,6.81778569349443,2.6]]]}
{"TX":0,"PAA_TX":0,"RX":2,"PAA_RX":0,"Rorder":2,"MPC":[[[1,1,1.6,2.4407647194441382,0,1.7279134577495712,10,5.2466826668772759,2.3990347793845839,7.7364101886381,6.81778569349443,2.6],[1,1,1.6,1.861677520048139,0,1.062763477451802,3.566251500433562,1.9782040737121633,0,7.7364101886381,6.81778569349443,2.6],[1,1,1.6,1.2093209039154384,0,1.6310730638506081,5.1864180783087681,19,2.2214612770121613,7.7364101886381,6.81778569349443,2.6],[1,1,1.6,1.861677520048139,0,1.8302442239492278,6.2394301467185231,5.0804999838290019,3,7.7364101886381,6.81778569349443,2.6],[1,1,1.6,10,2.9583807576269452,1.9366196111033873,0,5.1343593772124407,2.3106414012182621,7.7364101886381,6.81778569349443,2.6],[1,1,1.6,0,0.10514896568597054,1.7144634899698876,0.11750443554728096,0,1.7279134577495712,7.7364101886381,6.81778569349443,2.6],[1,1,1.6,0,1.4386282881358996,1.6753943701684273,10,5.8249111694948956,2.4293380718527002,7.7364101886381,6.81778569349443,2.6],[1,1,1.6,0,1.6659240543742544,1.1192533421264725,2.3281562623383238,3.2162993118074015,0,7.7364101886381,6.81778569349443,2.6],[1,1,1.6,-1.1102230246251565E-16,4.4547615845416946,1.7144634899698876,4.2102003450949752,19,2.1963777149418831,7.7364101886381,6.81778569349443,2.6],[1,1,1.6,0,1.6659240543742544,1.8060342819457975,5.7949857022740785,5.5249444282734457,3,7.7364101886381,6.81778569349443,2.6],[1,1,1.6,3.5662515004335624,12.497986402478313,0,5.0174449152112093,19,0.90478640275590827,7.7364101886381,6.81778569349443,2.6],[1,1,1.6,5.2908913567092952,3.2162993118074019,0,10,5.6486131081081083,1.7559460734152514,7.7364101886381,6.81778569349443,2.6],[1,1,1.6,3.1556512603641922,2.8616914219182172,0,7.1974973735470513,6.3523628380148747,3,7.7364101886381,6.81778569349443,2.6],[1,1,1.6,3.7672640567386875,19,2.0107920953813156,6.6882650055184127,0,2.4444059738393706,7.7364101886381,6.81778569349443,2.6],[1,1,1.6,7.7173539537426841,19,2.1963777149418831,10,12.883361050263098,2.3990347793845839,7.7364101886381,6.81778569349443,2.6],[1,1,1.6,5.0174449152112084,19,2.6734798868953891,6.2394301467185231,13.524944428273439,3,7.7364101886381,6.81778569349443,2.6],[1,1,1.6,9.76056985328148,5.5249444282734457,3,10,5.6486131081081083,2.9617373971077496,7.7364101886381,6.81778569349443,2.6],[1,1,1.6,2.3472820377276205,2.1635571386988866,3,5.2343149757153782,4.656893864482214,0,7.7364101886381,6.81778569349443,2.6]]]}
{"TX":0,"PAA_TX":0,"RX":3,"PAA_RX":0,"Rorder":0,"MPC":[[7.7364101886381,6.81778569349443,2.6,2.2635898113619,11.1822143065056,1.6]]}
{"TX":0,"PAA_TX":0,"RX":3,"PAA_RX":0,"Rorder":1,"MPC":[[[2.2635898113619,11.1822143065056,1.6,5.6634926069015226,0,2.2212341281391992,7.7364101886381,6.81778569349443,2.6],[2.2635898113619,11.1822143065056,1.6,10,7.8057133075772729,2.37364101886381,7.7364101886381,6.81778569349443,2.6],[2.2635898113619,11.1822143065056,1.6,0,10.194286692422757,1.82635898113619,7.7364101886381,6.81778569349443,2.6],[2.2635898113619,11.1822143065056,1.6,4.3484737646099756,9.5195748348822971,0,7.7364101886381,6.81778569349443,2.6],[2.2635898113619,11.1822143065056,1.6,4.4028566537886284,19,1.9908892846747206,7.7364101886381,6.81778569349443,2.6],[2.2635898113619,11.1822143065056,1.6,6.520227882576723,7.7876587186080224,3,7.7364101886381,6.81778569349443,2.6]]]}
{"TX":0,"PAA_TX":0,"RX":3,"PAA_RX":0,"Rorder":2,