{"Node":0,"Position":[[7.7364101886381,6.81778569349443,2.6]],"Rotation":[[0,0,0]]}
{"Node":1,"Position":[[9,17,1.6]],"Rotation":[[0,0,0]]}
{"Node":2,"Position":[[1,1,1.6]],"Rotation":[[0,0,0]]}
{"Node":3,"Position":[[2.2635898113619,11.1822143065056,1.6]],"Rotation":[[0,0,0]]}
