{"TX":0,"PAA_TX":0,"RX":1,"PAA_RX":0,"Rorder":0,"MPC":[[4.4378080032536795,5.3621416961823618,2.0011556854233561,2.9139441882929451,1.286212490331877,2.0299800140835091],[4.4662595117238144,5.3527143823088057,2.0167204583634168,2.9255168608258675,1.3158527257928634,2.032958676722167],[4.4940549059888593,5.3366204095694805,2.022409157923589,2.9376980071949488,1.3426426594929961,2.035448189219994],[4.5135125986871563,5.3171775592789121,2.0440824901875549,2.9539158871000781,1.3557038180723995,2.0532294516779857]]}
{"TX":0,"PAA_TX":0,"RX":1,"PAA_RX":0,"Rorder":1,"MPC":[[[2.9139441882929451,1.286212490331877,2.0299800140835091,3.2087558991887093,0,2.0244035645581029,4.4378080032536795,5.3621416961823618,2.0011556854233561],[2.9139441882929451,1.286212490331877,2.0299800140835091,10.5,3.5517213581440066,2.0139586925908355,4.4378080032536795,5.3621416961823618,2.0011556854233561],[2.9139441882929451,1.286212490331877,2.0299800140835091,0,2.9017498359646963,2.0185551887095965,4.4378080032536795,5.3621416961823618,2.0011556854233561],[2.9139441882929451,1.286212490331877,2.0299800140835091,4.015222763887615,7.9,2.0091490085187869,4.4378080032536795,5.3621416961823618,2.0011556854233561],[2.9139441882929451,1.286212490331877,2.0299800140835091,3.6703424785833412,3.3093761433971869,4,4.4378080032536795,5.3621416961823618,2.0011556854233561]],[[2.9255168608258675,1.3158527257928634,2.032958676722167,3.2295387569939815,0,2.0297545245342969,4.4662595117238144,5.3527143823088057,2.0167204583634168],[2.9255168608258675,1.3158527257928634,2.032958676722167,10.5,3.5628131954002837,2.0239203103243315,4.4662595117238144,5.3527143823088057,2.0167204583634168],[2.9255168608258675,1.3158527257928634,2.032958676722167,0,2.9135616181798745,2.026531915521069,4.4662595117238144,5.3527143823088057,2.0167204583634168],[2.9255168608258675,1.3158527257928634,2.032958676722167,4.0364571311272419,7.9,2.0212502381440767,4.4662595117238144,5.3527143823088057,2.0167204583634168],[2.9255168608258675,1.3158527257928634,2.032958676722167,3.6927214921687836,3.3259865772603181,4,4.4662595117238144,5.3527143823088057,2.0167204583634168]],[[2.9376980071949488,1.3426426594929961,2.035448189219994,3.2505515576705757,0,2.0328271276633521,4.4940549059888593,5.3366204095694805,2.022409157923589],[2.9376980071949488,1.3426426594929961,2.035448189219994,10.5,3.5686977796101935,2.0281808471878118,4.4940549059888593,5.3366204095694805,2.022409157923589],[2.9376980071949488,1.3426426594929961,2.035448189219994,0,2.9214223382907569,2.0302939898402959,4.4940549059888593,5.3366204095694805,2.022409157923589],[2.9376980071949488,1.3426426594929961,2.035448189219994,4.0566414009176235,7.9,2.0260737726315097,4.4940549059888593,5.3366204095694805,2.022409157923589],[2.9376980071949488,1.3426426594929961,2.035448189219994,3.7133025535017854,3.3330262939975581,4,4.4940549059888593,5.3366204095694805,2.022409157923589]],[[2.9539158871000781,1.3557038180723995,2.0532294516779857,3.2707731931100672,0,2.05137109845468,4.5135125986871563,5.3171775592789121,2.0440824901875549],[2.9539158871000781,1.3557038180723995,2.0532294516779857,10.5,3.5647159064838672,2.0481288881441624,4.5135125986871563,5.3171775592789121,2.0440824901875549],[2.9539158871000781,1.3557038180723995,2.0532294516779857,0,2.9227573550097623,2.0496111572521736,4.5135125986871563,5.3171775592789121,2.0440824901875549],[2.9539158871000781,1.3557038180723995,2.0532294516779857,4.0721727244396417,7.9,2.0466709278291204,4.5135125986871563,5.3171775592789121,2.0440824901875549],[2.9539158871000781,1.3557038180723995,2.0532294516779857,3.7318865832332766,3.3317983181842914,4,4.5135125986871563,5.3171775592789121,2.0440824901875549]]]}
