{"TX":0,"PAA_TX":0,"RX":1,"PAA_RX":0,"Rorder":0,"MPC":[[7.7364101886381,6.81778569349443,2.6,5,1,3.6]]}
{"TX":0,"PAA_TX":0,"RX":1,"PAA_RX":0,"Rorder":1,"MPC":[[[5,1,3.6,5.3500236890498556,0,3.472086542250429,7.7364101886381,6.81778569349443,2.6],[5,1,3.6,10.5,4.872145404679264,2.9344296939281937,7.7364101886381,6.81778569349443,2.6],[5,1,3.6,0,3.2839189407877116,3.2074247039828854,7.7364101886381,6.81778569349443,2.6],[5,1,3.6,7.365412600638213,7.9,2.7355782073682935,7.7364101886381,6.81778569349443,2.6],[5,1,3.6,5.6080911530306894,2.2928412652209853,4,7.7364101886381,6.81778569349443,2.6]]]}
{"TX":0,"PAA_TX":0,"RX":2,"PAA_RX":0,"Rorder":0,"MPC":[[7.7364101886381,6.81778569349443,2.6,3,7.1,1.6]]}
{"TX":0,"PAA_TX":0,"RX":2,"PAA_RX":0,"Rorder":1,"MPC":[[[3,7.1,1.6,5.4162257617639158,-8.8817841970012523E-16,2.1101386209243573,7.7364101886381,6.81778569349443,2.6],[3,7.1,1.6,10.5,6.8937751471275019,2.3307384782366714,7.7364101886381,6.81778569349443,2.6],[3,7.1,1.6,0,7.021142830364969,1.8794230052028729,7.7364101886381,6.81778569349443,2.6],[3,7.1,1.6,5.0131225959838748,7.9,2.0250313034147753,7.7364101886381,6.81778569349443,2.6],[3,7.1,1.6,5.9914169612451165,6.9217593853649024,4,7.7364101886381,6.81778569349443,2.6]]]}
{"TX":0,"PAA_TX":0,"RX":3,"PAA_RX":0,"Rorder":0,"MPC":[[]]}
{"TX":0,"PAA_TX":0,"RX":3,"PAA_RX":0,"Rorder":1,"MPC":[[[2.2635898113619,1.1822143065056,0.1,3.0723456297308092,0,0.46944197078299865,7.7364101886381,6.81778569349443,2.6],[2.2635898113619,1.1822143065056,0.1,6.9770814054043129,7.9,2.2531364402225722,7.7364101886381,6.81778569349443,2.6],[2.2635898113619,1.1822143065056,0.1,6.2907595229425,5.3291441950445506,4,7.7364101886381,6.81778569349443,2.6]]]}
{"TX":1,"PAA_TX":0,"RX":2,"PAA_RX":0,"Rorder":0,"MPC":[[5,1,3.6,3,7.1,1.6]]}
{"TX":1,"PAA_TX":0,"RX":2,"PAA_RX":0,"Rorder":1,"MPC":[[[3,7.1,1.6,4.7530864197530862,0,3.3530864197530867,5,1,3.6],[3,7.1,1.6,10.5,3.5807692307692309,2.7538461538461538,5,1,3.6],[3,7.1,1.6,0,4.8125,2.35,5,1,3.6],[3,7.1,1.6,3.6153846153846154,5.2230769230769223,0,5,1,3.6],[3,7.1,1.6,3.2077922077922079,7.9,1.807792207792208,5,1,3.6],[3,7.1,1.6,4.7142857142857144,1.871428571428571,4,5,1,3.6]]]}
{"TX":1,"PAA_TX":0,"RX":3,"PAA_RX":0,"Rorder":0,"MPC":[[5,1,3.6,2.2635898113619,1.1822143065056,0.1]]}
{"TX":1,"PAA_TX":0,"RX":3,"PAA_RX":0,"Rorder":1,"MPC":[[[2.2635898113619,1.1822143065056,0.1,3.7460396623373171,0,1.9961245283903479,5,1,3.6],[2.2635898113619,1.1822143065056,0.1,10.5,1.0729578304679444,2.1986149411931222,5,1,3.6],[2.2635898113619,1.1822143065056,0.1,0,1.125429925999246,1.1907229820954324,5,1,3.6],[2.2635898113619,1.1822143065056,0.1,2.3375468434872539,1.1772895955189622,0,5,1,3.6],[2.2635898113619,1.1822143065056,0.1,3.613487484193338,7.9,1.8265839290203303,5,1,3.6],[2.2635898113619,1.1822143065056,0.1,4.7454502150104094,1.0169501680470325,4,5,1,3.6]]]}
{"TX":2,"PAA_TX":0,"RX":3,"PAA_RX":0,"Rorder":0,"MPC":[[3,7.1,1.6,2.2635898113619,1.1822143065056,0.1]]}
{"TX":2,"PAA_TX":0,"RX":3,"PAA_RX":0,"Rorder":1,"MPC":[[[2.2635898113619,1.1822143065056,0.1,2.3687059829853032,0,0.31411199881237961,3,7.1,1.6],[2.2635898113619,1.1822143065056,0.1,2.3069080577523766,1.5303193472993883,0,3,7.1,1.6],[2.2635898113619,1.1822143065056,0.1,2.9216354156756172,7.9,1.440378530470956,3,7.1,1.6],[2.2635898113619,1.1822143065056,0.1,2.719462785280724,4.8456054500973718,4,3,7.1,1.6]]]}
