{"Node":0,"Position":[[7.7364101886381,6.81778569349443,2.6]],"Rotation":[[0,0,0]]}
{"Node":1,"Position":[[5,1,3.6]],"Rotation":[[0,0,0]]}
{"Node":2,"Position":[[3,7.1,1.6]],"Rotation":[[0,0,0]]}
{"Node":3,"Position":[[2.2635898113619,1.1822143065056,0.1]],"Rotation":[[0,0,0]]}
