{"Node":0,"PAA":0,"Centroid":0,"Orientation":[0,0,0],"Position":[[4.4378080032536795,5.3621416961823618,2.0011556854233561],[4.4662595117238144,5.3527143823088057,2.0167204583634168],[4.4940549059888593,5.3366204095694805,2.022409157923589],[4.5135125986871563,5.3171775592789121,2.0440824901875549]]}
{"Node":1,"PAA":0,"Centroid":0,"Orientation":[0,0,0],"Position":[[2.9139441882929451,1.286212490331877,2.0299800140835091],[2.9255168608258675,1.3158527257928634,2.032958676722167],[2.9376980071949488,1.3426426594929961,2.035448189219994],[2.9539158871000781,1.3557038180723995,2.0532294516779857]]}
