{"TX":0,"RX":1,"PAA_TX":0,"PAA_RX":0,"Delay":[[1.45052441E-8,2.27360708E-8,4.74796664E-8,2.80202883E-8,3.09256478E-8,1.96319583E-8],[1.44030876E-8,2.2814211E-8,4.73145825E-8,2.80742807E-8,3.08684E-8,1.95150012E-8],[1.42884087E-8,2.28606822E-8,4.71462691E-8,2.81233348E-8,3.08419388E-8,1.94120791E-8],[1.41914294E-8,2.28424E-8,4.70016381E-8,2.81771868E-8,3.08647081E-8,1.9251722E-8]],"Gain":[[-75.1113739,-138.388351,-140.248688,-125.257378,-146.571838,-111.532578],[-70.6447144,-138.283,-140.33313,-125.522308,-146.329315,-111.514877],[-84.7150269,-138.155182,-140.434494,-125.802536,-146.127747,-111.554466],[-73.9713287,-138.096344,-140.502548,-126.033195,-146.110611,-111.435432]],"Phase":[[0,3.14159274,3.14159274,3.14159274,3.14159274,3.14159274],[0,3.14159274,3.14159274,3.14159274,3.14159274,3.14159274],[0,3.14159274,3.14159274,3.14159274,3.14159274,3.14159274],[0,3.14159274,3.14159274,3.14159274,3.14159274,3.14159274]],"AODEL":[[89.6204758,89.7578735,89.8840561,89.8035355,89.821991,47.6329117],[89.7846832,89.8640671,89.9344559,89.889534,89.8995361,47.5653038],[89.8257141,89.8910675,89.9471817,89.9114532,89.9192581,47.3963699],[89.8769,89.9235229,89.9628296,89.938,89.9434,47.4891586]],"AODAZ":[[249.500778,257.090271,343.372192,209.004684,99.4537277,249.500778],[249.109726,256.990356,343.477081,208.640228,99.5772858,249.109726],[248.710342,256.883362,343.597565,208.254501,99.6836472,248.710342],[248.51088,256.844879,343.68335,207.945969,99.6967621,248.51088]],"AOAEL":[[90.3795242,90.2421265,90.1159439,90.1964645,90.178009,47.6329117],[90.2153168,90.1359329,90.0655441,90.110466,90.1004639,47.5653038],[90.1742859,90.1089325,90.0528183,90.0885468,90.0807419,47.3963699],[90.1231,90.0764771,90.0371704,90.062,90.0566,47.4891586]],"AOAAZ":[[69.5007858,282.909729,16.6277924,150.995316,80.5462723,69.5007858],[69.109726,283.009644,16.5229206,151.359772,80.4227142,69.109726],[68.7103348,283.116638,16.4024315,151.745499,80.3163528,68.7103348],[68.5108871,283.155121,16.3166637,152.054031,80.3032379,68.5108871]]}
{"TX":1,"RX":0,"PAA_TX":0,"PAA_RX":0,"Delay":[[1.45052441E-8,2.27360708E-8,4.74796664E-8,2.80202883E-8,3.09256478E-8,1.96319583E-8],[1.44030876E-8,2.2814211E-8,4.73145825E-8,2.80742807E-8,3.08684E-8,1.95150012E-8],[1.42884087E-8,2.28606822E-8,4.71462691E-8,2.81233348E-8,3.08419388E-8,1.94120791E-8],[1.41914294E-8,2.28424E-8,4.70016381E-8,2.81771868E-8,3.08647081E-8,1.9251722E-8]],"Gain":[[-75.1113739,-138.388351,-140.248688,-125.257378,-146.571838,-111.532578],[-70.6447144,-138.283,-140.33313,-125.522308,-146.329315,-111.514877],[-84.7150269,-138.155182,-140.434494,-125.802536,-146.127747,-111.554466],[-73.9713287,-138.096344,-140.502548,-126.033195,-146.110611,-111.435432]],"Phase":[[0,3.14159274,3.14159274,3.14159274,3.14159274,3.14159274],[0,3.14159274,3.14159274,3.14159274,3.14159274,3.14159274],[0,3.14159274,3.14159274,3.14159274,3.14159274,3.14159274],[0,3.14159274,3.14159274,3.14159274,3.14159274,3.14159274]],"AODEL":[[90.3795242,90.2421265,90.1159439,90.1964645,90.178009,47.6329117],[90.2153168,90.1359329,90.0655441,90.110466,90.1004639,47.5653038],[90.1742859,90.1089325,90.0528183,90.0885468,90.0807419,47.3963699],[90.1231,90.0764771,90.0371704,90.062,90.0566,47.4891586]],"AODAZ":[[69.5007858,282.909729,16.6277924,150.995316,80.5462723,69.5007858],[69.109726,283.009644,16.5229206,151.359772,80.4227142,69.109726],[68.7103348,283.116638,16.4024315,151.745499,80.3163528,68.7103348],[68.5108871,283.155121,16.3166637,152.054031,80.3032379,68.5108871]],"AOAEL":[[89.6204758,89.7578735,89.8840561,89.8035355,89.821991,47.6329117],[89.7846832,89.8640671,89.9344559,89.889534,89.8995361,47.5653038],[89.8257141,89.8910675,89.9471817,89.9114532,89.9192581,47.3963699],[89.8769,89.9235229,89.9628296,89.938,89.9434,47.4891586]],"AOAAZ":[[249.500778,257.090271,343.372192,209.004684,99.4537277,249.500778],[249.109726,256.990356,343.477081,208.640228,99.5772858,249.109726],[248.710342,256.883362,343.597565,208.254501,99.6836472,248.710342],[248.51088,256.844879,343.68335,207.945969,99.6967621,248.51088]]}
