{"TX":0,"RX":1,"PAA_TX":0,"PAA_RX":0,"Delay":[[2.168834E-8,2.78100121E-8,3.38515633E-8,4.67930157E-8,2.83242514E-8,2.22547296E-8]],"Gain":[[-91.6312866,-131.834717,-119.235207,-132.683533,-132.346558,-99.6406174]],"Phase":[[0,3.14159274,3.14159274,3.14159274,3.14159274,3.14159274]],"AODEL":[[81.1590347,83.1159286,84.3489761,85.9150314,83.2414932,74.3592]],"AODAZ":[[244.809937,250.70874,324.853455,204.550156,108.922401,244.809937]],"AOAEL":[[98.8409653,96.8840714,95.6510239,94.0849686,96.7585068,74.3592]],"AOAAZ":[[64.8099365,289.29126,35.1465569,155.449844,71.0776,64.8099365]]}
{"TX":0,"RX":2,"PAA_TX":0,"PAA_RX":0,"Delay":[[1.61634794E-8,4.91187144E-8,3.438684E-8,3.59552423E-8,1.73129084E-8,2.02630552E-8]],"Gain":[[-89.0774536,-137.946213,-152.110168,-157.28067,-100.177483,-109.971489]],"Phase":[[0,3.14159274,3.14159274,3.14159274,3.14159274,3.14159274]],"AODEL":[[101.901291,93.891243,95.5627747,95.3194046,101.100739,51.3096352]],"AODAZ":[[176.590118,251.205872,1.57504499,178.494293,158.327499,176.590118]],"AOAEL":[[78.0987091,86.108757,84.4372253,84.6805954,78.8992615,51.3096352]],"AOAAZ":[[356.590118,288.794128,358.424957,181.505707,21.6725063,356.590118]]}
{"TX":0,"RX":3,"PAA_TX":0,"PAA_RX":0,"Delay":[[3.33669448E-8,3.28365921E-8,3.15878701E-8]],"Gain":[[-121.852341,-121.314575,-111.539131]],"Phase":[[3.14159274,3.14159274,3.14159274]],"AODEL":[[104.462608,104.701424,55.9935379]],"AODAZ":[[235.623871,125.055176,225.839386]],"AOAEL":[[75.5373917,75.2985764,55.9935379]],"AOAAZ":[[304.376129,54.9448242,45.8393898]]}
{"TX":1,"RX":0,"PAA_TX":0,"PAA_RX":0,"Delay":[[2.168834E-8,2.78100121E-8,3.38515633E-8,4.67930157E-8,2.83242514E-8,2.22547296E-8]],"Gain":[[-91.6312866,-131.834717,-119.235207,-132.683533,-132.346558,-99.6406174]],"Phase":[[0,3.14159274,3.14159274,3.14159274,3.14159274,3.14159274]],"AODEL":[[98.8409653,96.8840714,95.6510239,94.0849686,96.7585068,74.3592]],"AODAZ":[[64.8099365,289.29126,35.1465569,155.449844,71.0776,64.8099365]],"AOAEL":[[81.1590347,83.1159286,84.3489761,85.9150314,83.2414932,74.3592]],"AOAAZ":[[244.809937,250.70874,324.853455,204.550156,108.922401,244.809937]]}
{"TX":1,"RX":2,"PAA_TX":0,"PAA_RX":0,"Delay":[[2.24127934E-8,2.85987571E-8,4.83287366E-8,3.41906414E-8,2.75378529E-8,2.73434946E-8,2.33452351E-8]],"Gain":[[-91.9166794,-133.181305,-128.131195,-121.047859,-112.793251,-131.932098,-103.890289]],"Phase":[[0,3.14159274,3.14159274,3.14159274,3.14159274,3.14159274,3.14159274]],"AODEL":[[107.304459,103.480263,97.9289,101.243858,129.008575,104.111626,66.4345703]],"AODAZ":[[108.152702,256.13031,25.1374149,142.674484,108.152702,104.560272,108.152702]],"AOAEL":[[72.6955414,76.5197372,82.0711,78.7561417,129.008575,75.8883743,66.4345703]],"AOAAZ":[[288.15271,283.86969,334.862579,217.325516,288.15271,75.4397278,288.15271]]}
{"TX":1,"RX":3,"PAA_TX":0,"PAA_RX":0,"Delay":[[1.4821584E-8,1.64991576E-8,4.72548827E-8,2.68830682E-8,1.53518513E-8,4.77472533E-8,1.70003727E-8]],"Gain":[[-88.3246536,-102.121674,-138.958511,-127.198235,-115.339676,-138.78949,-118.631233]],"Phase":[[0,3.14159274,3.14159274,3.14159274,3.14159274,3.14159274,3.14159274]],"AODEL":[[141.919067,135,104.293442,115.720299,143.453857,104.14296,32.529068]],"AODAZ":[[176.190369,218.571426,0.759987354,178.562973,176.190369,101.361923,176.190369]],"AOAEL":[[38.0809326,45,75.7065582,64.2797,143.453857,75.8570404,32.529068]],"AOAAZ":[[356.190369,321.428558,359.240021,181.437027,356.190369,78.6380768,356.190369]]}
{"TX":2,"RX":0,"PAA_TX":0,"PAA_RX":0,"Delay":[[1.61634794E-8,4.91187144E-8,3.438684E-8,3.59552423E-8,1.73129084E-8,2.02630552E-8]],"Gain":[[-89.0774536,-137.946213,-152.110168,-157.28067,-100.177483,-109.971489]],"Phase":[[0,3.14159274,3.14159274,3.14159274,3.14159274,3.14159274]],"AODEL":[[78.0987091,86.108757,84.4372253,84.6805954,78.8992615,51.3096352]],"AODAZ":[[356.590118,288.794128,358.424957,181.505707,21.6725063,356.590118]],"AOAEL":[[101.901291,93.891243,95.5627747,95.3194046,101.100739,51.3096352]],"AOAAZ":[[176.590118,251.205872,1.57504499,178.494293,158.327499,176.590118]]}
{"TX":2,"RX":1,"PAA_TX":0,"PAA_RX":0,"Delay":[[2.24127934E-8,2.85987571E-8,4.83287366E-8,3.41906414E-8,2.75378529E-8,2.73434946E-8,2.33452351E-8]],"Gain":[[-91.9166794,-133.181305,-128.131195,-121.047859,-112.793251,-131.932098,-103.890289]],"Phase":[[0,3.14159274,3.14159274,3.14159274,3.14159274,3.14159274,3.14159274]],"AODEL":[[72.6955414,76.5197372,82.0711,78.7561417,129.008575,75.8883743,66.4345703]],"AODAZ":[[288.15271,283.86969,334.862579,217.325516,288.15271,75.4397278,288.15271]],"AOAEL":[[107.304459,103.480263,97.9289,101.243858,129.008575,104.111626,66.4345703]],"AOAAZ":[[108.152702,256.13031,25.1374149,142.674484,108.152702,104.560272,108.152702]]}
{"TX":2,"RX":3,"PAA_TX":0,"PAA_RX":0,"Delay":[[2.04972856E-8,2.81636829E-8,2.06700239E-8,2.56708663E-8,2.89160642E-8]],"Gain":[[-91.140686,-142.447784,-99.1308823,-139.974548,-117.06144]],"Phase":[[0,3.14159274,3.14159274,3.14159274,3.14159274]],"AODEL":[[104.118889,100.226135,105.911308,101.231483,43.427906]],"AODAZ":[[262.906555,264.918915,262.906555,95.5946045,262.906555]],"AOAEL":[[75.8811111,79.7738647,105.911308,78.7685165,43.427906]],"AOAAZ":[[82.9065704,275.081085,82.9065704,84.4053955,82.9065704]]}
{"TX":3,"RX":0,"PAA_TX":0,"PAA_RX":0,"Delay":[[3.33669448E-8,3.28365921E-8,3.15878701E-8]],"Gain":[[-121.852341,-121.314575,-111.539131]],"Phase":[[3.14159274,3.14159274,3.14159274]],"AODEL":[[75.5373917,75.2985764,55.9935379]],"AODAZ":[[304.376129,54.9448242,45.8393898]],"AOAEL":[[104.462608,104.701424,55.9935379]],"AOAAZ":[[235.623871,125.055176,225.839386]]}
{"TX":3,"RX":1,"PAA_TX":0,"PAA_RX":0,"Delay":[[1.4821584E-8,1.64991576E-8,4.72548827E-8,2.68830682E-8,1.53518513E-8,4.77472533E-8,1.70003727E-8]],"Gain":[[-88.3246536,-102.121674,-138.958511,-127.198235,-115.339676,-138.78949,-118.631233]],"Phase":[[0,3.14159274,3.14159274,3.14159274,3.14159274,3.14159274,3.14159274]],"AODEL":[[38.0809326,45,75.7065582,64.2797,143.453857,75.8570404,32.529068]],"AODAZ":[[356.190369,321.428558,359.240021,181.437027,356.190369,78.6380768,356.190369]],"AOAEL":[[141.919067,135,104.293442,115.720299,143.453857,104.14296,32.529068]],"AOAAZ":[[176.190369,218.571426,0.759987354,178.562973,176.190369,101.361923,176.190369]]}
{"TX":3,"RX":2,"PAA_TX":0,"PAA_RX":0,"Delay":[[2.04972856E-8,2.81636829E-8,2.06700239E-8,2.56708663E-8,2.89160642E-8]],"Gain":[[-91.140686,-142.447784,-99.1308823,-139.974548,-117.06144]],"Phase":[[0,3.14159274,3.14159274,3.14159274,3.14159274]],"AODEL":[[75.8811111,79.7738647,105.911308,78.7685165,43.427906]],"AODAZ":[[82.9065704,275.081085,82.9065704,84.4053955,82.9065704]],"AOAEL":[[104.118889,100.226135,105.911308,101.231483,43.427906]],"AOAAZ":[[262.906555,264.918915,262.906555,95.5946045,262.906555]]}
